,date,day,contest_number,word,results_count,hard_count,hard_rate,try_1,try_2,try_3,try_4,try_5,try_6,try_fail,success_rate,total,mean_tries,repeat_letters,rare_letters,vowels,freq_score,sd_tries,word_freq
0,2022-01-07,Friday,202,slump,80630,1362,0.0168919756914299,1,3,23,39,24,9,1,99,100,4.101010101010101,0,0,1,374,1.019951964554694,878659
1,2022-01-08,Saturday,203,crank,101503,1763,0.0173689447602533,1,5,23,31,24,14,2,98,100,4.163265306122449,0,0,1,477,1.1490357763476937,2185208
2,2022-01-09,Sunday,204,gorge,91477,1913,0.0209123604840561,1,3,13,27,30,22,4,96,100,4.541666666666667,1,0,2,545,1.135751097536584,1950264
3,2022-01-10,Monday,205,query,107134,2242,0.0209270633038997,1,4,16,30,30,17,2,98,100,4.377551020408164,0,2,2,438,1.1295231621916968,31284313
4,2022-01-11,Tuesday,206,drink,153880,3017,0.0196061866389394,1,9,35,34,16,5,1,100,101,3.7,0,0,1,403,1.03440804327886,29254937
5,2022-01-12,Wednesday,207,favor,137586,3073,0.0223351213059468,1,4,15,26,29,21,4,96,100,4.46875,0,0,2,477,1.1721874583444407,11867822
6,2022-01-13,Thursday,208,abbey,132726,3345,0.025202296460377,1,2,13,29,31,20,3,96,99,4.53125,1,1,2,454,1.089276566120836,4224864
7,2022-01-14,Friday,209,tangy,169484,3985,0.0235125439569516,1,4,21,30,24,15,5,95,100,4.231578947368421,0,1,1,478,1.1466439045175765,333638
8,2022-01-15,Saturday,210,panic,205880,4655,0.0226102584029531,1,9,35,34,16,5,1,100,101,3.7,0,0,2,472,1.03440804327886,6396440
9,2022-01-16,Sunday,211,solar,209609,4955,0.0236392521313493,1,9,32,32,18,7,1,99,100,3.787878787878788,0,0,2,615,1.0942709142586537,20423792
10,2022-01-17,Monday,212,shire,222197,5640,0.0253828809569886,1,8,32,32,18,8,2,99,101,3.828282828282828,0,0,2,565,1.101334397611233,2665081
11,2022-01-18,Tuesday,213,proxy,220950,6206,0.0280878026702873,1,2,11,24,31,26,6,95,101,4.684210526315789,0,2,1,389,1.1169804964111418,10773043
12,2022-01-19,Wednesday,214,point,280622,7094,0.0252795575542901,1,16,37,28,12,4,1,98,99,3.4693877551020407,0,0,2,504,1.061420703995579,175527859
13,2022-01-20,Thursday,215,robot,243964,6589,0.0270080831598104,1,8,29,34,20,8,1,100,101,3.88,1,0,2,550,1.0979981785048645,12656312
14,2022-01-21,Friday,216,prick,273727,7409,0.0270671143146273,1,8,30,33,19,7,1,98,99,3.836734693877551,0,0,1,397,1.0850926561680363,891337
15,2022-01-22,Saturday,217,wince,241489,6850,0.0283656812525622,1,3,17,33,29,15,3,98,101,4.336734693877551,0,0,2,465,1.087441084972483,717079
16,2022-01-23,Sunday,218,crimp,269929,7630,0.0282666923524334,1,5,28,38,20,7,1,99,100,3.9292929292929295,0,0,1,416,1.0274271608041545,640746
17,2022-01-24,Monday,219,knoll,258038,8317,0.0322316868058192,1,1,11,29,33,21,4,96,100,4.614583333333333,1,0,1,472,1.0445273219925313,965905
18,2022-01-25,Tuesday,220,sugar,276404,8708,0.0315046091952359,1,6,25,34,23,9,1,98,99,4.010204081632653,0,0,2,487,1.0925993903249454,22450333
19,2022-01-26,Wednesday,221,whack,302348,10163,0.0336135843465146,1,4,22,37,24,10,2,98,100,4.112244897959184,0,0,1,360,1.0583261048025898,725891
20,2022-01-27,Thursday,222,mount,331844,11451,0.034507178071624,1,9,29,33,19,7,1,98,99,3.826530612244898,0,0,2,460,1.0975437344647776,36648260
21,2022-01-28,Friday,223,perky,296968,11148,0.0375393981843161,1,4,17,30,27,17,4,96,100,4.34375,0,1,1,466,1.1440800980846286,1360009
22,2022-01-29,Saturday,224,could,313220,11592,0.0370091309622629,1,7,29,35,20,8,1,100,101,3.9,0,0,2,428,1.0816653826391966,302311431
23,2022-01-30,Sunday,225,wrung,294687,11524,0.0391058988011008,0,2,18,39,27,12,2,98,100,4.295918367346939,0,0,1,359,0.9711048165696026,121159
24,2022-01-31,Monday,226,light,341314,13347,0.0391047539802059,1,10,25,27,19,12,5,94,99,3.9468085106382977,0,0,1,458,1.223589255207598,126699632
25,2022-02-01,Tuesday,227,those,351663,13606,0.0386904508009088,1,13,34,30,15,6,1,99,100,3.636363636363636,0,0,2,593,1.1051262138673013,270014141
26,2022-02-02,Wednesday,228,moist,361908,14205,0.039250306707782,3,13,32,29,16,7,1,100,101,3.63,0,0,2,498,1.1887388274974449,2140516
27,2022-02-03,Thursday,229,shard,358176,14609,0.0407872107567229,1,7,22,28,25,14,4,97,101,4.144329896907217,0,0,1,494,1.192672566101408,287428
28,2022-02-04,Friday,230,pleat,359679,14813,0.0411839445727996,1,10,28,31,19,9,2,98,100,3.857142857142857,0,0,2,638,1.1517511068997928,266830
29,2022-02-05,Saturday,231,aloft,319698,13708,0.0428779660804884,1,4,22,36,25,11,2,99,101,4.141414141414141,0,0,2,560,1.0731818169934082,497342
30,2022-02-06,Sunday,232,skill,311018,13716,0.0441003414593367,1,3,17,33,27,16,3,97,100,4.34020618556701,1,0,1,442,1.101887770382465,15835076
31,2022-02-07,Monday,233,elder,288228,13340,0.0462828038913637,1,3,13,24,30,24,5,95,100,4.589473684210526,1,0,2,657,1.1561709657049248,7299470
32,2022-02-08,Tuesday,234,frame,336236,15369,0.0457089663212743,1,10,20,24,24,17,3,96,99,4.15625,0,0,2,556,1.2855618502558845,46079991
33,2022-02-09,Wednesday,235,humor,305372,13846,0.045341419645547,1,5,22,34,25,11,2,98,100,4.122448979591836,0,0,2,447,1.0997709049230595,18085495
34,2022-02-10,Thursday,236,pause,304830,13480,0.0442213692877997,1,8,26,32,21,10,2,98,100,3.959183673469388,0,0,3,547,1.1421280473169977,4606318
35,2022-02-11,Friday,237,ulcer,278826,10631,0.038127721231162,1,4,18,30,28,16,3,97,100,4.319587628865979,0,0,2,556,1.1356127530084403,1336605
36,2022-02-12,Saturday,238,ultra,269885,9310,0.0344961742964596,1,7,23,34,24,10,1,99,100,4.040404040404041,0,0,2,590,1.1184331745993057,21795075
37,2022-02-14,Monday,240,cynic,261521,10343,0.039549405210289,1,6,25,33,22,11,2,98,100,4.040816326530612,1,1,1,382,1.1241174982792173,525906
38,2022-02-15,Tuesday,241,aroma,287836,10343,0.0359336566656012,1,6,25,33,22,11,2,98,100,4.040816326530612,1,0,3,630,1.1241174982792173,2018777
39,2022-02-16,Wednesday,242,caulk,289721,10740,0.0370701467964006,1,4,20,31,26,15,3,97,100,4.257731958762887,0,0,2,436,1.1331768182193684,245944
40,2022-02-17,Thursday,243,shake,342003,12767,0.0373300818998663,1,6,16,23,24,21,9,91,100,4.384615384615385,0,0,2,526,1.2559242537636914,6839319
41,2022-02-18,Friday,244,dodge,265238,10220,0.0385314321477314,1,3,15,29,27,19,7,94,101,4.4361702127659575,1,0,2,469,1.1351118666241748,14768509
42,2022-02-19,Saturday,245,swill,282327,11241,0.0398155330520991,1,1,8,19,31,30,10,90,100,4.866666666666666,1,0,1,437,1.0770329614269007,92032
43,2022-02-20,Sunday,246,tacit,273306,11094,0.0405918640644552,1,4,21,32,26,14,3,98,101,4.224489795918367,1,0,2,583,1.1205921561871302,594255
44,2022-02-21,Monday,247,other,278731,10887,0.0390591645708586,1,9,26,30,21,10,2,97,99,3.938144329896907,0,0,2,639,1.1649028364392193,978481319
45,2022-02-22,Tuesday,248,thorn,306356,11814,0.0385629790178746,1,14,38,30,12,4,0,99,99,3.505050505050505,0,0,1,542,1.0383916990623352,1421673
46,2022-02-23,Wednesday,249,trove,277576,11411,0.0411094619131337,1,5,16,24,25,22,8,93,101,4.43010752688172,0,0,2,596,1.230419540848765,702353
47,2022-02-24,Thursday,250,bloke,250674,10405,0.0415080941780958,1,6,21,32,25,12,2,97,99,4.134020618556701,0,0,2,487,1.136361220878794,766763
48,2022-02-25,Friday,251,vivid,255907,11687,0.0456689344175813,1,2,10,29,33,21,4,96,100,4.604166666666667,2,0,2,303,1.0653556396287998,4479514
49,2022-02-26,Saturday,252,spill,248363,10087,0.0406139400796414,1,5,26,34,22,10,2,98,100,4.030612244897959,1,0,1,468,1.0922181290762003,3890646
50,2022-02-27,Sunday,253,chant,250413,10438,0.0416831394536226,1,9,33,33,16,7,1,99,100,3.757575757575758,0,0,1,507,1.083306844346635,1374428
51,2022-02-28,Monday,254,choke,251094,10521,0.0419006427871633,1,8,30,36,18,6,1,99,100,3.808080808080808,0,0,2,485,1.0509905637955204,1448146
52,2022-03-01,Tuesday,255,rupee,240137,10577,0.0440456905849577,1,2,17,35,30,13,2,98,100,4.326530612244898,1,0,3,617,1.0378107865380506,2831536
53,2022-03-02,Wednesday,256,nasty,257304,10813,0.0420242203774523,1,7,26,31,21,11,2,97,99,4.0,0,1,1,512,1.1487330537883809,7434847
54,2022-03-03,Thursday,257,mourn,240018,10465,0.0436008965994217,1,8,29,34,19,8,1,99,100,3.868686868686869,0,0,2,463,1.0977153928805785,779010
55,2022-03-04,Friday,258,ahead,203730,9396,0.0461198645265793,1,5,20,35,26,12,2,99,101,4.171717171717172,1,0,3,616,1.101334397611233,28375319
56,2022-03-05,Saturday,259,brine,229895,10405,0.0452597925139737,1,9,25,29,22,12,3,98,101,4.0,0,0,2,525,1.1952286093343936,816003
57,2022-03-06,Sunday,260,cloth,218595,9911,0.0453395548846039,1,8,33,34,17,7,1,100,101,3.79,0,0,1,508,1.070467187726929,9764137
58,2022-03-07,Monday,261,hoard,218595,9823,0.0449369839200347,1,9,30,34,19,7,1,100,101,3.82,0,0,2,540,1.0897706180660223,433375
59,2022-03-08,Tuesday,262,sweet,207473,9767,0.0470760050705393,1,5,18,31,28,15,2,98,100,4.275510204081633,1,0,2,605,1.140896642056177,32311923
60,2022-03-09,Wednesday,263,month,201799,9435,0.0467544437782149,1,5,26,37,22,8,1,99,100,3.98989898989899,0,0,1,465,1.0492416645392235,123027963
61,2022-03-10,Thursday,264,lapse,208884,9960,0.0476819670247601,0,8,31,34,19,7,1,99,100,3.8585858585858586,0,0,2,595,1.0445636178420212,1459542
62,2022-03-11,Friday,265,watch,226349,12400,0.0547826586377673,1,6,14,18,17,24,20,80,100,4.45,0,0,1,453,1.3407087677791922,92006970
63,2022-03-12,Saturday,266,today,192049,9353,0.0487011127368536,1,7,29,35,20,7,1,99,100,3.878787878787879,0,1,2,527,1.0662189142884353,239271204
64,2022-03-13,Sunday,267,focus,179436,8937,0.0498060589848191,1,4,23,36,24,10,1,98,99,4.1020408163265305,0,0,2,382,1.064163904039485,65626732
65,2022-03-14,Monday,268,smelt,185406,9373,0.0505539195063805,0,5,19,33,28,13,2,98,100,4.255102040816326,0,0,1,559,1.0720115032298205,301053
66,2022-03-15,Tuesday,269,tease,202855,10024,0.0494146064923221,1,16,32,30,16,6,1,101,102,3.613861386138614,1,0,3,732,1.1342577023065097,2019275
67,2022-03-16,Wednesday,270,cater,217856,11234,0.0515661721504112,1,7,19,22,19,18,15,86,101,4.22093023255814,0,0,2,667,1.2886008528334914,2092828
68,2022-03-17,Thursday,271,movie,169071,8847,0.0523271288393633,1,5,18,30,26,16,3,96,99,4.28125,0,0,3,491,1.1610261714678671,158421100
69,2022-03-18,Friday,272,saute,179830,9304,0.0517377523216371,1,8,31,34,19,6,1,99,100,3.808080808080808,0,0,3,614,1.060557959467207,546457
70,2022-03-19,Saturday,273,allow,156311,8515,0.0544747330642117,0,5,21,32,26,14,3,98,101,4.23469387755102,1,0,2,540,1.0954546200808106,67052567
71,2022-03-20,Sunday,274,renew,154987,8417,0.0543077806525708,0,4,20,33,27,13,2,97,99,4.257731958762887,1,0,2,607,1.057894724318788,6561081
72,2022-03-21,Monday,275,their,173636,9200,0.0529844041558202,2,14,36,30,13,4,0,99,99,3.505050505050505,0,0,2,608,1.0765989975332708,782849411
73,2022-03-22,Tuesday,276,slosh,160161,8807,0.0549884179044836,0,2,19,36,27,13,2,97,99,4.309278350515464,1,0,1,480,0.9985641727285598,51634
74,2022-03-23,Wednesday,277,purge,156785,8555,0.0545651688618171,1,4,22,35,26,11,2,99,101,4.151515151515151,0,0,2,487,1.076504222323128,1366135
75,2022-03-24,Thursday,278,chest,169066,9318,0.0551145706410514,1,14,35,31,14,5,1,100,101,3.58,0,0,1,532,1.078702924812944,13516414
76,2022-03-25,Friday,279,depot,150197,8562,0.0570051332583207,0,5,29,36,20,7,1,97,98,3.948453608247423,0,0,2,554,0.9986706010979244,9688338
77,2022-03-26,Saturday,280,epoxy,149507,9376,0.0627127826790718,0,2,13,31,33,18,3,97,100,4.536082474226804,0,2,2,439,1.0057756474442083,1908076
78,2022-03-28,Monday,282,found,173696,10613,0.0611010040530582,1,6,17,22,20,21,14,87,101,4.344827586206897,0,0,2,364,1.2849937269572411,232005894
79,2022-03-29,Tuesday,283,shall,149070,8494,0.0569799423089823,0,3,17,30,28,17,4,95,99,4.410526315789474,1,0,1,532,1.071101123950737,191963867
80,2022-03-30,Wednesday,284,stove,158139,9318,0.0589228463566862,0,5,16,24,27,21,6,93,99,4.462365591397849,0,0,2,550,1.1691292576878056,3914849
81,2022-03-31,Thursday,285,lowly,135219,8469,0.0626317307478978,0,2,9,26,32,24,8,93,101,4.720430107526882,1,1,1,441,1.0198628560326346,543486
82,2022-04-01,Friday,286,snout,144648,8913,0.0616185498589679,1,4,19,27,26,18,5,95,100,4.336842105263158,0,0,2,491,1.17527623911451,258314
83,2022-04-02,Saturday,287,trope,155079,9315,0.0600661598282165,1,16,33,28,15,6,1,99,100,3.585858585858586,0,0,2,632,1.1371602146309088,109419
84,2022-04-03,Sunday,288,fewer,124532,7931,0.063686442038994,0,2,10,24,32,26,6,94,100,4.74468085106383,1,0,2,556,1.0410323253383036,10792786
85,2022-04-04,Monday,289,shawl,129651,7943,0.0612644715428342,0,3,16,31,30,16,3,96,99,4.416666666666667,0,0,1,451,1.0474837574980445,1011728
86,2022-04-05,Tuesday,290,natal,121356,7702,0.0634661656613599,0,2,14,32,32,17,3,97,100,4.494845360824742,1,0,2,637,1.0064094731435695,3010028
87,2022-04-06,Wednesday,291,comma,117856,7560,0.0641460765680152,0,2,13,33,33,17,3,98,101,4.510204081632653,1,0,2,466,0.992264961725977,2711522
88,2022-04-07,Thursday,292,foray,117761,7575,0.06432520104279,0,2,14,31,31,19,4,97,101,4.525773195876289,0,1,2,510,1.0263817290435995,499808
89,2022-04-08,Friday,293,scare,141158,9010,0.0638291843182816,1,12,23,26,21,13,4,96,100,3.96875,0,0,2,624,1.262051281644292,2972708
90,2022-04-09,Saturday,294,stair,134210,8537,0.063609269055957,2,21,36,26,11,4,1,100,101,3.35,0,0,2,601,1.107925990308017,2012524
91,2022-04-10,Sunday,295,black,126241,7894,0.0625311903422818,1,10,31,34,18,6,1,100,101,3.76,0,0,1,402,1.0781465577554845,244690155
92,2022-04-11,Monday,296,squad,109828,7236,0.0658848381105,0,3,20,33,27,14,2,97,99,4.298969072164948,0,1,2,363,1.0469883018439643,8744772
93,2022-04-12,Tuesday,297,royal,114907,7275,0.063312069760763,1,5,24,36,23,9,1,98,99,4.040816326530612,0,1,2,588,1.068265496187951,45407189
94,2022-04-13,Wednesday,298,chunk,123255,7835,0.0635674009167985,1,4,29,42,18,5,1,99,100,3.878787878787879,0,0,1,320,0.9563475053369395,2371231
95,2022-04-14,Thursday,299,mince,113448,7356,0.0648402792468796,0,6,24,35,24,10,1,99,100,4.08080808080808,0,0,2,489,1.060557959467207,328039
96,2022-04-15,Friday,300,shame,129991,8522,0.0655583848112561,1,11,22,25,21,15,5,95,100,4.042105263157895,0,0,2,545,1.280754625200432,6785296
97,2022-04-16,Saturday,301,cheek,107987,7035,0.0651467306249826,0,3,19,40,28,9,1,99,100,4.212121212121212,1,0,2,535,0.9563475053369395,2681029
98,2022-04-17,Sunday,302,ample,106681,7008,0.0656911727486619,0,4,20,35,27,11,2,97,99,4.216494845360825,0,0,2,564,1.027726989738689,3187842
99,2022-04-18,Monday,303,flair,112383,7341,0.0653212674514828,1,8,30,36,18,6,1,99,100,3.808080808080808,0,0,2,532,1.0509905637955204,1924190
100,2022-04-19,Tuesday,304,foyer,108899,8198,0.0752807647453144,0,2,10,19,19,23,26,73,99,4.698630136986301,0,1,2,534,1.1309461611260434,1042532
101,2022-04-20,Wednesday,305,cargo,102007,6796,0.0666228788220416,0,5,20,34,27,12,2,98,100,4.214285714285714,0,0,2,540,1.0618620533798933,9748668
102,2022-04-21,Thursday,306,oxide,97955,6960,0.0710530345566841,0,2,11,30,33,21,4,97,101,4.618556701030927,0,1,3,473,1.0096779007583747,5321340
103,2022-04-22,Friday,307,plant,119232,7731,0.0648399758454106,2,19,39,28,10,3,0,101,101,3.3366336633663365,0,0,1,541,1.0462306479776664,53247607
104,2022-04-23,Saturday,308,olive,95562,6482,0.0678303091186873,1,6,25,34,23,10,1,99,100,4.03030303030303,0,0,3,548,1.1051262138673013,9298184
105,2022-04-24,Sunday,309,inert,97452,6743,0.0691930386241431,0,7,27,34,22,9,1,99,100,3.98989898989899,0,0,2,624,1.0683221007772332,935898
106,2022-04-25,Monday,310,askew,91548,6549,0.0715362432822126,0,3,13,29,32,19,4,96,100,4.53125,0,0,2,488,1.050328569623176,473664
107,2022-04-26,Tuesday,311,heist,103153,6830,0.0662123253807451,1,13,32,31,16,6,1,99,100,3.6666666666666665,0,0,2,562,1.1101005505463153,419629
108,2022-04-27,Wednesday,312,shown,98967,6564,0.0663251386825911,0,6,26,36,22,8,1,98,99,4.0,0,0,1,398,1.0301575072754257,68755779
109,2022-04-28,Thursday,313,zesty,88974,6315,0.0709757906804234,0,2,12,27,30,22,7,93,100,4.623655913978495,0,2,1,457,1.046386290383042,210124
110,2022-04-30,Saturday,315,larva,77991,5749,0.0737136336243925,0,2,10,25,35,23,4,95,99,4.705263157894737,1,0,2,581,1.014356775296556,462298
111,2022-05-01,Sunday,316,forgo,77658,5699,0.0733858713847897,0,1,9,26,37,23,3,96,99,4.75,1,0,2,477,0.9574271077563381,340426
112,2022-05-02,Monday,317,story,95643,6530,0.0682747299854667,1,10,23,29,24,11,2,98,100,4.0,0,1,1,533,1.1952286093343936,138433809
113,2022-05-03,Tuesday,318,hairy,85817,5941,0.0692287075987275,1,8,24,33,23,10,1,99,100,4.0,0,1,2,514,1.1370704872299224,19060619
114,2022-05-04,Wednesday,319,train,107750,7243,0.0672204176334106,6,26,32,22,10,3,0,99,99,3.1313131313131315,0,0,2,600,1.1776235670133068,31816971
115,2022-05-05,Thursday,320,homer,85979,6313,0.0734249060817176,0,3,16,26,24,19,12,88,100,4.454545454545454,0,0,2,565,1.1171096115858643,4281428
116,2022-05-06,Friday,321,badge,76292,5482,0.0718555025428616,0,4,20,35,26,12,2,97,99,4.22680412371134,0,0,2,471,1.040471291302279,6145138
117,2022-05-07,Saturday,322,midst,74458,5233,0.0702812323726127,0,3,25,39,24,9,1,100,101,4.11,0,0,1,420,0.9787236586493656,3381410
118,2022-05-08,Sunday,323,canny,72518,5256,0.0724785570479053,0,2,10,30,34,20,4,96,100,4.625,1,1,1,453,0.9921567416492215,209480
119,2022-05-09,Monday,324,shine,88932,6146,0.0691089821436603,1,14,32,30,17,6,1,100,101,3.66,0,0,2,518,1.1244554237496478,5881862
120,2022-05-10,Tuesday,325,gecko,74412,5489,0.0737649841423426,0,2,16,38,29,12,2,97,99,4.34020618556701,0,0,2,468,0.9620274760650066,1230211
121,2022-05-11,Wednesday,326,farce,79446,5688,0.0715958009213805,0,9,26,32,21,9,1,97,98,3.948453608247423,0,0,2,572,1.1064118099553304,727546
122,2022-05-12,Thursday,327,slung,75673,5419,0.0716107462370991,0,2,16,37,31,13,2,99,101,4.373737373737374,0,0,1,394,0.9701177538216541,253265
123,2022-05-13,Friday,328,tipsy,77585,5522,0.0711735515885802,0,6,33,38,17,5,1,99,100,3.8181818181818175,0,1,1,432,0.9573072120564432,279464
124,2022-05-14,Saturday,329,metal,73225,5290,0.0722430863776032,1,10,31,34,18,7,1,101,102,3.782178217821782,0,0,2,631,1.0954809097761369,56181783
125,2022-05-15,Sunday,330,yield,67115,4963,0.0739477017060269,0,4,16,29,29,18,4,96,100,4.427083333333333,0,1,2,503,1.096821085252994,15022494
126,2022-05-16,Monday,331,delve,68349,5179,0.0757728715855389,0,2,14,32,33,16,2,97,99,4.484536082474227,1,0,2,551,0.9960064801455206,640909
127,2022-05-17,Tuesday,332,being,70722,5142,0.072707219818444,0,4,22,37,26,10,1,99,100,4.161616161616162,0,0,2,445,1.0121191959495233,242783091
128,2022-05-18,Wednesday,333,scour,73933,5544,0.0749868123841856,0,8,34,35,17,5,1,99,100,3.767676767676768,0,0,2,480,0.9931918022854025,411478
129,2022-05-19,Thursday,334,glass,70920,5162,0.0727862380146644,0,4,19,33,27,14,3,97,100,4.288659793814433,1,0,1,489,1.0645047528291425,63559754
130,2022-05-20,Friday,335,gamer,69884,5238,0.0749527788907332,1,4,17,28,26,18,6,94,100,4.361702127659575,0,0,2,574,1.1655613553023267,3144985
131,2022-05-21,Saturday,336,scrap,66814,4973,0.0744305085760469,1,9,28,34,20,8,1,100,101,3.87,0,0,1,504,1.1104503590885997,3757085
132,2022-05-22,Sunday,337,money,67909,4928,0.0725677008938432,1,7,26,36,21,8,1,99,100,3.939393939393939,0,1,2,508,1.0807608787955763,190205072
133,2022-05-23,Monday,338,hinge,66431,4906,0.0738510635095061,0,5,25,37,22,9,2,98,100,4.051020408163265,0,0,2,484,1.0239225195854027,1758893
134,2022-05-24,Tuesday,339,album,63380,4809,0.0758756705585358,0,5,26,35,24,9,1,99,100,4.0606060606060606,0,0,2,414,1.0329733666096552,77914316
135,2022-05-25,Wednesday,340,vouch,62723,4835,0.0770849608596527,0,2,9,25,33,24,6,93,99,4.731182795698925,0,0,2,357,1.017479332660956,388963
136,2022-05-26,Thursday,341,asset,63188,4733,0.0749034626827878,0,7,28,34,21,8,1,98,99,3.948979591836735,1,0,2,636,1.0533953749234128,18178753
137,2022-05-27,Friday,342,tiara,63846,4842,0.0758387369608119,0,8,36,33,17,6,1,100,101,3.77,1,0,3,673,1.0183810681665288,923335
138,2022-05-28,Saturday,343,crept,60069,4562,0.0759459954385789,0,4,27,38,22,7,1,98,99,4.010204081632653,0,0,1,571,0.9741023912067811,588735
139,2022-05-29,Sunday,344,bayou,56839,4435,0.0780274107566987,0,6,17,33,29,13,2,98,100,4.26530612244898,0,1,3,438,1.0837484120287146,1397958
140,2022-05-30,Monday,345,atoll,60969,4741,0.0777608292738932,0,6,28,36,21,8,1,99,100,3.9696969696969697,1,0,2,638,1.029411378876547,908471
141,2022-05-31,Tuesday,346,manor,62768,4802,0.0765039510578638,0,6,27,34,21,10,2,98,100,4.020408163265306,0,0,2,557,1.0688501530753876,7084688
142,2022-06-01,Wednesday,347,creak,63241,4797,0.0758526905014152,0,5,21,32,25,14,3,97,100,4.22680412371134,0,0,2,574,1.098313183126934,124122
143,2022-06-02,Thursday,348,showy,61278,4770,0.0778419661216097,0,2,16,37,30,13,2,98,100,4.36734693877551,0,1,1,372,0.9729793829436911,294798
144,2022-06-03,Friday,349,peach,65431,4957,0.0757591967110391,1,13,38,32,13,3,0,100,100,3.52,0,0,2,537,1.0047885349664376,3938068
145,2022-06-04,Saturday,350,froth,58263,4432,0.076068860168546,0,5,22,35,25,11,1,98,99,4.153061224489796,0,0,1,491,1.0531976655795312,278469
146,2022-06-05,Sunday,351,depth,56738,4329,0.0762980718389791,0,6,28,39,20,6,1,99,100,3.919191919191919,0,0,1,491,0.9814107314336259,31879926
147,2022-06-06,Monday,352,gloom,58478,4548,0.0777728376483463,0,2,14,35,35,13,1,99,100,4.434343434343434,1,0,2,478,0.9551732209671981,878018
148,2022-06-07,Tuesday,353,flood,58991,4440,0.0752657184994321,0,3,20,40,28,8,1,99,100,4.181818181818182,1,0,2,459,0.9466969304129278,13979267
149,2022-06-08,Wednesday,354,trait,61026,4607,0.075492413069839,0,6,22,35,24,11,2,98,100,4.122448979591836,1,0,2,644,1.0715743341081694,1705417
150,2022-06-09,Thursday,355,girth,60020,4665,0.0777240919693435,0,6,23,33,23,12,3,97,100,4.123711340206185,0,0,1,478,1.0959882981424638,492919
151,2022-06-10,Friday,356,piety,55376,4324,0.0780843686795723,0,4,25,41,22,7,1,99,100,4.03030303030303,0,1,2,528,0.9582659576267816,595389
152,2022-06-11,Saturday,357,goose,51958,4087,0.0786596866700027,0,2,12,28,32,21,5,95,100,4.610526315789474,1,0,3,579,1.0289978450399946,3739382
153,2022-06-12,Sunday,358,float,56684,4323,0.0762649072048549,1,12,30,32,18,6,1,99,100,3.727272727272727,0,0,2,560,1.1084449186770837,8808655
154,2022-06-13,Monday,359,donor,53802,4142,0.076985985651091,0,3,27,38,23,7,1,98,99,4.040816326530612,1,0,2,530,0.9574452331216246,7096675
155,2022-06-14,Tuesday,360,atone,59968,4762,0.0794090181430096,2,16,34,29,14,4,1,99,100,3.494949494949495,0,0,3,681,1.1043873695835644,152901
156,2022-06-15,Wednesday,361,primo,55989,4391,0.0784261194163139,0,3,22,38,25,10,2,98,100,4.173469387755102,0,0,2,477,0.9900062894469525,912120
157,2022-06-16,Thursday,362,apron,53430,4112,0.0769605090772974,0,7,30,38,19,5,1,99,100,3.8484848484848486,0,0,2,564,0.9781825691859983,1617357
158,2022-06-17,Friday,363,blown,54665,4251,0.0777645659928656,0,6,23,35,26,10,1,100,101,4.11,0,0,1,385,1.0573079021741965,4229918
159,2022-06-18,Saturday,364,cacao,47205,4101,0.0868763902129011,0,1,9,27,36,23,4,96,100,4.739583333333333,2,0,3,585,0.9600867112170419,331714
160,2022-06-19,Sunday,365,loser,55359,4399,0.0794631405914124,1,10,28,32,19,8,2,98,100,3.836734693877551,0,0,2,639,1.1311352212694707,2529180
161,2022-06-20,Monday,366,input,50484,3950,0.0782426115204817,0,5,30,38,21,6,1,100,101,3.93,0,0,2,436,0.9721625378505386,57191675
162,2022-06-21,Tuesday,367,gloat,53342,4194,0.0786247234824341,0,8,21,31,26,12,2,98,100,4.13265306122449,0,0,2,578,1.1306288218043579,113594
163,2022-06-22,Wednesday,368,awful,47645,3861,0.0810368349249659,0,5,21,33,27,12,2,98,100,4.204081632653061,0,0,2,394,1.0686553029866162,5217370
164,2022-06-23,Thursday,369,brink,53111,4118,0.0775357270621905,0,4,22,41,24,7,1,98,99,4.081632653061225,0,0,1,379,0.9548316379828232,1484879
165,2022-06-24,Friday,370,smite,50617,3991,0.0788470276784479,0,6,23,35,24,11,2,99,101,4.111111111111111,0,0,2,548,1.0720403362764928,270393
166,2022-06-25,Saturday,371,beady,46089,3670,0.0796285447720714,0,3,19,39,29,10,1,100,101,4.24,0,1,2,478,0.9707728879609278,87974
167,2022-06-26,Sunday,372,rusty,50450,3954,0.0783746283448959,0,9,37,34,13,5,1,98,99,3.673469387755102,0,1,1,465,0.9874261553798322,2780895
168,2022-06-27,Monday,373,retro,47986,3848,0.0801900554328345,0,6,24,35,24,9,1,98,99,4.061224489795919,1,0,2,702,1.0479944552218585,8000179
169,2022-06-28,Tuesday,374,droll,47312,3844,0.0812478863713222,0,2,16,31,31,17,3,97,100,4.463917525773196,1,0,1,537,1.0260710337953598,196087
170,2022-06-29,Wednesday,375,gawky,45645,3957,0.0866907656917515,0,1,5,22,33,28,10,89,99,4.921348314606742,0,1,1,331,0.9388580094045117,31136
171,2022-06-30,Thursday,376,hutch,44212,3758,0.0849995476341264,0,1,12,28,28,21,9,90,99,4.622222222222222,1,0,1,397,1.0173798348675196,1373107
172,2022-07-01,Friday,377,pinto,47248,3792,0.0802573653911276,0,5,25,41,22,6,1,99,100,3.98989898989899,0,0,2,504,0.9586917590064381,1108872
173,2022-07-02,Saturday,378,egret,41765,3515,0.0841613791452172,0,3,14,33,33,15,2,98,100,4.438775510204081,1,0,2,672,1.0108223216425636,394773
174,2022-07-03,Sunday,379,lilac,40486,3461,0.0854863409573679,0,2,17,38,29,12,1,98,99,4.326530612244898,1,0,2,549,0.9665371621399688,1738684
175,2022-07-04,Monday,380,sever,42645,3591,0.0842068237776996,0,2,13,27,29,21,7,92,99,4.586956521739131,1,0,2,603,1.0545158987508612,686306
176,2022-07-05,Tuesday,381,field,44578,3604,0.0808470546009242,1,6,25,36,23,9,1,100,101,4.01,0,0,2,478,1.0816191566350886,135289140
177,2022-07-06,Wednesday,382,fluff,47344,4049,0.0855229807367353,0,0,4,25,44,23,4,96,100,4.895833333333333,2,0,1,273,0.8098246552323671,814535
178,2022-07-07,Thursday,383,agape,43407,3671,0.0845716128734996,0,2,18,36,27,15,3,98,101,4.357142857142857,1,0,3,607,1.0126747770541304,414471
179,2022-07-08,Friday,384,voice,42806,3484,0.0813904592814091,1,5,24,35,25,9,1,99,100,4.0606060606060606,0,0,3,507,1.0713739108887084,64600528
180,2022-07-09,Saturday,385,stead,47094,3933,0.0835138234169958,1,6,20,27,28,16,3,98,101,4.255102040816326,0,0,2,604,1.189333756985834,724786
181,2022-07-10,Sunday,386,berth,41785,3494,0.0836185233935622,0,7,24,35,24,9,1,99,100,4.040404040404041,0,0,1,537,1.0628643586235074,1056010
182,2022-07-11,Monday,387,madam,40545,3430,0.0845973609569614,0,3,13,35,34,14,2,99,101,4.434343434343434,2,0,2,475,0.9863883325845417,2023575
183,2022-07-12,Tuesday,388,night,46910,3870,0.0824984011937753,1,8,27,27,17,13,7,93,100,3.967741935483871,0,0,1,431,1.213292090489164,130531484
184,2022-07-13,Wednesday,389,bland,46246,3727,0.0805907537949228,0,7,31,38,18,4,0,98,98,3.806122448979592,0,0,1,434,0.9546680507103312,1606490
185,2022-07-14,Thursday,390,liver,40549,3388,0.0835532318922784,0,4,16,26,25,20,8,91,99,4.450549450549451,0,0,2,548,1.141271088788327,12139363
186,2022-07-15,Friday,391,wedge,39234,3353,0.0854615894377325,0,2,11,32,37,17,2,99,101,4.565656565656566,1,0,2,496,0.965690375977141,3162851
187,2022-07-16,Saturday,392,roomy,38769,3280,0.0846036781964972,0,2,17,41,28,10,2,98,100,4.275510204081633,1,1,2,505,0.9343841390368481,574188
188,2022-07-17,Sunday,393,wacky,39611,3345,0.0844462396808967,0,3,18,39,27,10,2,97,99,4.237113402061856,0,1,1,350,0.9714819785063709,1861879
189,2022-07-18,Monday,394,flock,42574,3548,0.0833372480856861,0,4,22,37,27,9,1,99,100,4.151515151515151,0,0,1,380,0.9986216395929746,2585098
190,2022-07-19,Tuesday,395,angry,39667,3358,0.0846547508004134,0,5,27,38,21,7,1,98,99,3.979591836734694,0,1,1,481,0.9895328916245435,9267505
191,2022-07-20,Wednesday,396,trite,42237,3685,0.0872457797665553,0,4,14,22,22,23,15,85,100,4.541176470588235,1,0,2,668,1.1837422332334369,287494
192,2022-07-21,Thursday,397,aphid,39086,3367,0.0861433761449112,0,6,24,36,23,9,2,98,100,4.051020408163265,0,0,2,439,1.0436635725389343,295138
193,2022-07-22,Friday,398,tryst,43099,3665,0.085036775795262,0,3,26,41,23,6,1,99,100,4.03030303030303,1,1,0,530,0.9261034418143107,205722
194,2022-07-23,Saturday,399,midge,36769,3111,0.0846093176317006,0,2,18,39,28,10,2,97,99,4.268041237113402,0,0,2,439,0.947220175120426,308737
195,2022-07-24,Sunday,400,power,39813,3401,0.0854243588777535,2,6,19,29,24,15,4,95,99,4.178947368421053,0,0,2,534,1.222413035274438,226596368
196,2022-07-25,Monday,401,elope,39228,3339,0.0851177730192719,0,4,22,32,26,13,2,97,99,4.22680412371134,1,0,3,665,1.0697832388513688,74984
197,2022-07-26,Tuesday,402,cinch,39171,3507,0.0895305200275714,0,2,15,24,22,25,13,88,101,4.602272727272728,1,0,1,392,1.1335761265617514,427247
198,2022-07-27,Wednesday,403,motto,38384,3285,0.0855825343893288,0,1,11,36,36,14,1,98,99,4.520408163265306,2,0,2,572,0.9060971682445035,1894147
199,2022-07-28,Thursday,404,stomp,40650,3490,0.0858548585485854,0,7,26,32,21,11,2,97,99,4.030927835051546,0,0,1,459,1.1071800182131017,1168038
200,2022-07-29,Friday,405,upset,37791,3213,0.0850202429149797,0,5,30,38,20,6,1,99,100,3.919191919191919,0,0,2,518,0.9710638514387528,5544484
201,2022-07-30,Saturday,406,bluff,37353,3171,0.0848927796964099,0,2,14,42,31,10,1,99,100,4.333333333333333,1,0,1,269,0.9101004495564368,3906671
202,2022-07-31,Sunday,407,cramp,39250,3369,0.0858343949044586,1,8,26,33,19,10,2,97,99,3.938144329896907,0,0,1,473,1.1380434737922123,402123
203,2022-08-01,Monday,408,quart,36662,3303,0.0900932845998581,0,5,20,33,27,13,2,98,100,4.23469387755102,0,1,2,484,1.0766635956164679,2002127
204,2022-08-02,Tuesday,409,coyly,34909,3380,0.0968231688103354,0,0,4,17,28,35,15,84,99,5.119047619047619,1,2,1,428,0.891824800015621,52174
205,2022-08-03,Wednesday,410,youth,38381,3327,0.0866835152809984,1,5,17,31,29,15,3,98,101,4.295918367346939,0,1,2,448,1.1357743351013374,51426255
206,2022-08-04,Thursday,411,rhyme,37229,3336,0.0896075639958097,0,4,22,39,25,8,1,98,99,4.112244897959184,0,1,1,492,0.9781558352247218,1530733
207,2022-08-05,Friday,412,buggy,37350,3428,0.0917804551539491,0,1,9,29,34,22,5,95,100,4.705263157894737,1,1,1,252,0.9610705019379644,1955438
208,2022-08-06,Saturday,413,alien,38841,3395,0.0874076362606524,3,17,31,29,15,4,0,99,99,3.484848484848485,0,0,3,633,1.1491203167186994,10490554
209,2022-08-07,Sunday,414,smear,36223,3190,0.0880655936835712,0,2,16,39,29,12,2,98,100,4.336734693877551,0,0,2,608,0.9577170724369234,1289528
210,2022-08-08,Monday,415,unfit,35516,3187,0.0897342043022862,0,3,24,38,25,9,1,99,100,4.131313131313132,0,0,2,408,0.9810987928556023,814145
211,2022-08-09,Tuesday,416,patty,36223,3019,0.0833448361538249,0,2,16,39,29,12,1,98,99,4.336734693877551,1,1,1,532,0.9577170724369234,2339693
212,2022-08-10,Wednesday,417,cling,37654,3312,0.0879587825994582,0,4,20,34,27,13,2,98,100,4.255102040816326,0,0,1,416,1.0528021355062154,946281
213,2022-08-11,Thursday,418,glean,37301,3243,0.0869413688641055,0,6,23,37,24,8,1,98,99,4.051020408163265,0,0,2,584,1.0239225195854027,232952
214,2022-08-12,Friday,419,label,34198,3076,0.0899467805134803,0,4,18,32,29,15,2,98,100,4.336734693877551,1,0,2,589,1.0685091421019843,41359857
215,2022-08-13,Saturday,420,hunky,35276,3185,0.0902880145141172,0,1,11,33,25,22,7,92,99,4.608695652173913,0,1,1,308,1.0103434816193262,279599
216,2022-08-14,Sunday,421,khaki,31652,2968,0.0937697459876153,0,2,17,33,28,16,4,96,100,4.40625,1,0,2,395,1.0265042316035526,1481504
217,2022-08-15,Monday,422,poker,35376,3180,0.0898914518317503,0,4,17,30,27,17,5,95,100,4.378947368421053,0,0,2,539,1.0971633028038217,129054826
218,2022-08-16,Tuesday,423,gruel,35105,3087,0.0879361914257228,0,3,19,39,29,9,1,99,100,4.222222222222222,0,0,2,537,0.9593301067138397,82196
219,2022-08-17,Wednesday,424,twice,35815,3173,0.0885941644562334,1,6,28,38,21,6,1,100,101,3.9,0,0,2,509,1.02469507659596,19945569
220,2022-08-18,Thursday,425,twang,34938,3172,0.0907893983628141,0,3,22,43,25,7,1,100,101,4.11,0,0,1,450,0.9262289133902051,243118
221,2022-08-19,Friday,426,shrug,33965,2987,0.0879434712203739,0,4,23,36,26,10,1,99,100,4.151515151515151,0,0,1,398,1.018650685695249,720506
222,2022-08-20,Saturday,427,treat,38245,3249,0.0849522813439665,1,22,32,26,14,5,1,100,101,3.45,1,0,2,725,1.1521718621802912,19442315
223,2022-08-21,Sunday,428,waste,35617,3186,0.0894516663391077,1,7,19,27,24,17,5,95,100,4.231578947368421,0,0,2,581,1.2264851927266955,41089558
224,2022-08-22,Monday,429,merit,35888,3123,0.0870207311636201,0,7,33,37,17,5,0,99,99,3.797979797979798,0,0,2,594,0.9742108744387463,6450895
225,2022-08-23,Tuesday,430,woven,33549,2933,0.0874243643625741,0,2,13,32,32,17,3,96,99,4.510416666666667,0,0,2,451,0.9999457450559783,4248524
226,2022-08-24,Wednesday,431,needy,33700,2927,0.0868545994065281,0,2,21,41,26,9,1,99,100,4.191919191919192,1,1,2,557,0.9393396313181955,1636137
227,2022-08-25,Thursday,432,clown,36737,3175,0.0864251299779513,1,8,29,36,20,6,1,100,101,3.84,0,0,1,426,1.0556514576317317,3081501
228,2022-08-26,Friday,433,irony,34716,3046,0.0877405231017398,0,6,29,34,21,8,1,98,99,3.959183673469388,0,1,2,504,1.0392144535897154,2212193
229,2022-08-27,Saturday,434,ruder,31241,2784,0.0891136647354438,0,2,16,33,29,16,4,96,100,4.427083333333333,1,0,2,559,1.018012684787812,89666
230,2022-08-28,Sunday,435,gauze,30214,2866,0.0948566889521413,0,2,11,24,31,25,8,93,101,4.709677419354839,0,1,3,457,1.0532146914396456,556178
231,2022-08-29,Monday,436,chief,34281,3072,0.0896123216942329,1,6,32,38,18,5,0,100,100,3.81,0,0,2,452,0.9969453345093703,45699591
232,2022-08-30,Tuesday,437,onset,33660,3009,0.0893939393939394,0,4,29,40,21,6,1,100,101,3.96,0,0,2,609,0.947839648885823,3858839
233,2022-08-31,Wednesday,438,prize,35343,3166,0.0895792660498542,0,5,12,20,32,26,5,95,100,4.652631578947369,0,1,2,478,1.1586600341740643,16204739
234,2022-09-01,Thursday,439,fungi,31903,2928,0.0917782026768642,0,2,18,41,28,9,1,98,99,4.244897959183674,0,0,2,331,0.9264946500258096,2000715
235,2022-09-02,Friday,440,charm,35724,3149,0.0881480237375434,1,12,32,34,16,5,1,100,101,3.67,0,0,1,480,1.0682228231974826,10554644
236,2022-09-03,Saturday,441,gully,31191,2877,0.0922381456189285,0,1,9,27,31,25,7,93,100,4.752688172043011,1,1,1,394,0.9908822394415718,800734
237,2022-09-04,Sunday,442,inter,32018,2889,0.0902304953463676,0,6,25,36,23,8,1,98,99,4.020408163265306,0,0,2,624,1.0299553372200443,15269346
238,2022-09-05,Monday,443,whoop,32733,2970,0.0907341215287324,0,1,16,47,29,7,1,100,101,4.25,1,0,2,421,0.8411301920630361,331753
239,2022-09-06,Tuesday,444,taunt,32734,3022,0.0923199120180851,0,4,19,27,21,16,13,87,100,4.298850574712644,1,0,2,560,1.135781087543506,295148
240,2022-09-07,Wednesday,445,leery,30992,2873,0.0927013422818791,0,3,17,37,28,12,2,97,99,4.298969072164948,1,1,2,662,0.9965398741108925,168700
241,2022-09-08,Thursday,446,class,31962,3001,0.0938927476378199,0,4,21,32,22,13,7,92,99,4.206521739130435,1,0,1,508,1.07882830441038,191087771
242,2022-09-09,Friday,447,theme,32172,2909,0.090420241203531,0,8,29,40,18,4,0,99,99,3.808080808080808,1,0,2,612,0.9606055295328275,37219937
243,2022-09-10,Saturday,448,lofty,29237,2777,0.0949823853336525,0,4,19,34,27,13,3,97,100,4.268041237113402,0,1,1,461,1.050434018473069,1018661
244,2022-09-11,Sunday,449,tibia,27887,2675,0.0959228314268297,0,1,14,40,30,12,2,97,99,4.391752577319588,1,0,3,514,0.914451004599451,620778
245,2022-09-12,Monday,450,booze,29147,2883,0.0989124095104127,0,1,7,27,38,23,4,96,100,4.78125,1,1,3,477,0.9264979425233496,1178694
246,2022-09-13,Tuesday,451,alpha,29497,2706,0.0917381428619859,0,3,19,40,28,9,1,99,100,4.212121212121212,1,0,2,554,0.9563475053369395,27832836
247,2022-09-14,Wednesday,452,thyme,32142,2938,0.0914068819612967,1,5,24,41,23,5,0,99,99,3.95959595959596,0,1,1,489,0.9839026797483572,1007823
248,2022-09-15,Thursday,453,doubt,33344,3011,0.090301103646833,1,12,32,34,16,4,0,99,99,3.646464646464647,0,0,2,404,1.0474898453077504,20311261
249,2022-09-16,Friday,454,parer,37309,4130,0.1106971508215176,0,0,4,11,15,22,48,52,100,5.057692307692308,1,0,2,661,0.9690094374880094,38034
250,2022-09-17,Saturday,455,chute,33418,3073,0.091956430666108,0,11,37,36,12,3,0,99,99,3.585858585858586,0,0,2,510,0.942917254958785,834005
251,2022-09-18,Sunday,456,stick,33102,3038,0.0917769319074376,1,9,36,35,14,4,0,99,99,3.646464646464647,0,0,1,418,0.9981106526897475,22399126
252,2022-09-19,Monday,457,trice,35050,3430,0.0978601997146933,0,5,24,25,18,17,11,89,100,4.202247191011236,0,0,2,610,1.1915411159634548,354532
253,2022-09-20,Tuesday,458,alike,31277,2843,0.0908974645905937,0,6,20,33,27,12,2,98,100,4.1938775510204085,0,0,3,584,1.0847567513023568,6220739
254,2022-09-21,Wednesday,459,recap,31976,2900,0.0906930197648236,0,5,30,35,21,8,1,99,100,3.9696969696969697,0,0,2,600,1.0195517479551952,2861982
255,2022-09-22,Thursday,460,saint,34455,3119,0.0905238717167319,1,14,35,29,15,5,1,99,100,3.585858585858586,0,0,2,554,1.091843969040134,38929141
256,2022-09-23,Friday,461,glory,31509,2893,0.0918150369735631,0,6,30,39,19,5,0,99,99,3.868686868686869,0,1,1,482,0.9602868326383943,13158826
257,2022-09-24,Saturday,462,grate,32777,3077,0.0938768038563627,1,14,29,28,16,8,3,96,99,3.7083333333333335,0,0,2,648,1.1807189429420628,672155
258,2022-09-25,Sunday,463,admit,28994,2677,0.0923294474718907,0,10,25,34,22,8,1,99,100,3.9292929292929295,0,0,2,492,1.0940844172970507,8780656
259,2022-09-26,Monday,464,brisk,31706,2884,0.0909607014445215,0,5,23,38,24,7,1,97,98,4.051546391752577,0,0,1,380,0.9882936875222156,774000
260,2022-09-27,Tuesday,465,soggy,30985,2888,0.093206390188801,0,2,18,38,28,11,2,97,99,4.288659793814433,1,1,1,376,0.9628004994730344,331525
261,2022-09-28,Wednesday,466,usurp,31355,3007,0.0959017700526231,0,3,21,38,26,9,1,97,98,4.175257731958763,1,0,2,403,0.9739949541386955,171456
262,2022-09-29,Thursday,467,scald,30477,2829,0.0928240968599271,0,4,23,36,24,11,2,98,100,4.153061224489796,0,0,1,476,1.0336387165018355,101839
263,2022-09-30,Friday,468,scorn,31223,2859,0.0915671139864843,0,8,31,35,20,6,1,100,101,3.85,0,0,1,501,1.023474474522936,622924
264,2022-10-01,Saturday,469,leave,28202,2696,0.0955960570172328,0,4,16,34,31,12,1,97,98,4.319587628865979,1,0,3,655,1.0208788588187325,70957750
265,2022-10-02,Sunday,470,twine,30088,2775,0.0922294602499335,0,6,28,40,20,5,1,99,100,3.898989898989899,0,0,2,523,0.9586917590064381,415457
266,2022-10-03,Monday,471,sting,32288,2969,0.0919536669970267,1,10,30,33,18,8,2,100,102,3.81,0,0,1,448,1.1197767634667188,2773263
267,2022-10-04,Tuesday,472,bough,32014,3060,0.0955831823577185,0,3,17,35,28,13,3,96,99,4.322916666666667,0,0,2,342,1.0154513740477953,520067
268,2022-10-05,Wednesday,473,marxh,30935,2885,0.0932600614191045,0,9,30,35,19,6,1,99,100,3.828282828282828,0,1,1,418,1.0351441029864181,0
269,2022-10-06,Thursday,474,sloth,32522,2987,0.0918455199557222,1,10,38,34,13,3,0,99,99,3.575757575757576,0,0,1,523,0.9753622387533989,519428
270,2022-10-07,Friday,475,dandy,29026,2840,0.09784331289189,0,2,11,23,29,24,11,89,100,4.696629213483146,1,1,1,405,1.0642768751653588,1098188
271,2022-10-08,Saturday,476,vigor,26905,2642,0.0981973610853001,0,2,15,35,31,14,2,97,99,4.412371134020619,0,0,2,438,0.9818200784172475,977544
272,2022-10-09,Sunday,477,howdy,28408,2668,0.0939172064207265,0,2,13,32,32,17,4,96,100,4.510416666666667,0,1,1,340,0.9999457450559783,726642
273,2022-10-10,Monday,478,enjoy,26878,2654,0.0987424659572884,0,3,12,29,33,20,3,97,100,4.56701030927835,0,2,2,458,1.0444474343846548,50141455
274,2022-10-11,Tuesday,479,valid,28575,2752,0.0963079615048119,0,4,28,38,21,8,1,99,100,4.01010101010101,0,0,2,446,0.989795913000715,57094711
275,2022-10-12,Wednesday,480,ionic,29151,2947,0.1010943020822613,0,2,13,25,28,21,11,89,100,4.595505617977528,1,0,3,485,1.0675931254130069,1808092
276,2022-10-13,Thursday,481,equal,27197,2677,0.0984299738941795,0,5,23,35,25,11,2,99,101,4.141414141414141,0,1,3,517,1.0541893434868486,34832354
277,2022-10-14,Friday,482,floor,28906,2752,0.0952051477201965,0,3,23,44,24,6,0,100,100,4.07,1,0,2,537,0.9083501527494781,53759851
278,2022-10-15,Saturday,483,catch,30403,3123,0.1027201263033253,0,7,18,20,15,16,23,76,99,4.197368421052632,1,0,1,493,1.267194755543304,20400979
279,2022-10-16,Sunday,484,spade,30459,2854,0.0936997275025444,1,8,29,36,19,6,1,99,100,3.828282828282828,0,0,2,537,1.0544796604731628,1567565
280,2022-10-17,Monday,485,stein,31269,2965,0.0948223480124084,1,12,34,32,16,5,1,100,101,3.65,0,0,2,578,1.0712142642814275,3893544
281,2022-10-18,Tuesday,486,exist,28612,2805,0.0980357891793653,0,5,24,38,23,8,1,98,99,4.051020408163265,0,1,2,502,1.0037933052095471,25349128
282,2022-10-19,Wednesday,487,quirk,28322,2794,0.0986512251959607,0,3,23,39,24,9,2,98,100,4.13265306122449,0,1,2,334,0.9755977247051227,444069
283,2022-10-20,Thursday,488,denim,28741,2769,0.0963432030896628,0,5,29,40,20,5,0,99,99,3.909090909090909,0,0,2,472,0.9437825152968143,4737554
284,2022-10-21,Friday,489,grove,28637,2794,0.0975660858330132,0,4,18,30,28,17,3,97,100,4.371134020618556,0,0,2,519,1.0965699814907004,15189493
285,2022-10-22,Saturday,490,spiel,29084,2810,0.0966166964654105,0,7,32,36,19,6,1,100,101,3.85,0,0,2,538,1.0037429949942367,811922
286,2022-10-23,Sunday,491,mummy,29279,3021,0.1031797534068786,0,1,4,14,27,37,18,83,101,5.144578313253012,2,1,1,283,0.9459174181393022,1878933
287,2022-10-24,Monday,492,fault,28947,2768,0.0956230352022662,0,7,27,35,22,8,1,99,100,3.9696969696969697,0,0,2,492,1.0488526242349563,13112664
288,2022-10-25,Tuesday,493,foggy,28953,2817,0.0972956170345041,0,2,13,35,32,15,3,97,100,4.463917525773196,1,1,1,324,0.9745403957192967,704386
289,2022-10-26,Wednesday,494,flout,30063,2904,0.0965971459934138,0,6,28,37,21,7,1,99,100,3.949494949494949,0,0,2,466,1.008787024141123,72396
290,2022-10-27,Thursday,495,carry,27609,2615,0.0947154913252924,0,4,22,35,24,12,3,97,100,4.185567010309279,1,1,1,547,1.0486112259753742,33056477
291,2022-10-28,Friday,496,sneak,27905,2636,0.094463357821179,0,7,28,36,21,7,1,99,100,3.9292929292929295,0,0,2,542,1.0274271608041545,2280877
292,2022-10-29,Saturday,497,libel,25156,2536,0.100810939736047,0,3,15,32,32,16,2,98,100,4.438775510204081,1,0,2,532,1.0308142861163083,866830
293,2022-10-30,Sunday,498,waltz,24672,2496,0.1011673151750972,0,2,11,29,35,19,3,96,99,4.604166666666667,0,1,1,431,0.994559855190001,1723021
294,2022-10-31,Monday,499,aptly,26498,2572,0.0970639293531587,0,3,26,41,23,7,1,100,101,4.05,0,1,1,515,0.9420721840708386,598371
295,2022-11-02,Wednesday,501,inept,27670,2640,0.0954101915431875,0,6,30,39,20,6,1,101,102,3.900990099009901,0,0,2,554,0.9800479933191543,458533
296,2022-11-03,Thursday,502,aloud,29554,2819,0.0953847194965148,1,18,31,30,15,4,1,99,100,3.525252525252525,0,0,3,515,1.1041101755102796,3743858
297,2022-11-04,Friday,503,photo,27330,2565,0.0938529088913282,0,5,34,43,15,3,0,100,100,3.77,1,0,2,519,0.8701149349367588,227125249
298,2022-11-05,Saturday,504,dream,29743,2751,0.092492351141445,5,14,31,29,15,4,1,98,99,3.479591836734694,0,0,2,576,1.1800172243358482,33518573
299,2022-11-06,Sunday,505,stale,31068,3013,0.0969808162739796,2,19,30,27,15,6,2,99,101,3.525252525252525,0,0,2,662,1.1920903831864185,1065657
300,2022-11-07,Monday,506,begin,26096,2439,0.0934625996321275,0,6,26,36,23,7,1,98,99,3.989795918367347,0,0,2,445,1.0151394591956286,45434902
301,2022-11-08,Tuesday,507,spell,27213,2531,0.0930070187042957,0,4,24,37,24,9,1,98,99,4.1020408163265305,1,0,1,549,1.0049854899791943,8506049
302,2022-11-09,Wednesday,508,rainy,28984,2678,0.0923958045818382,1,16,38,31,11,3,1,100,101,3.44,0,1,2,530,1.0131140113531152,2469088
303,2022-11-10,Thursday,509,unite,27467,2575,0.0937488622710889,1,11,31,33,18,5,1,99,100,3.717171717171717,0,0,3,556,1.0734669975158235,2888724
304,2022-11-11,Friday,510,medal,25993,2438,0.0937944831300734,0,5,25,38,23,8,1,99,100,4.040404040404041,0,0,2,556,1.004225335081743,7747036
305,2022-11-12,Saturday,511,valet,24660,2356,0.0955393349553933,0,4,22,38,25,9,1,98,99,4.13265306122449,0,0,2,602,0.9962967665211129,2052690
306,2022-11-13,Sunday,512,inane,25085,2515,0.1002591189954155,0,8,25,30,21,13,3,97,100,4.061855670103093,1,0,3,606,1.1560190576470215,319343
307,2022-11-14,Monday,513,maple,26536,2467,0.0929680434127223,1,6,26,36,21,8,1,98,99,3.959183673469388,0,0,2,564,1.0682654961879512,9704551
308,2022-11-15,Tuesday,514,snarl,27475,2650,0.0964513193812556,0,5,21,31,24,15,4,96,100,4.239583333333333,0,0,1,568,1.115653691663422,184639
309,2022-11-16,Wednesday,515,baker,25576,2541,0.0993509540193931,0,5,16,23,24,22,10,90,100,4.466666666666667,0,0,2,533,1.1944315244779278,14862470
310,2022-11-17,Thursday,516,there,27465,2530,0.0921172401237939,0,14,35,33,14,4,0,100,100,3.59,1,0,2,689,1.020735029280371,701170205
311,2022-11-18,Friday,517,glyph,29208,2899,0.0992536291427006,0,2,23,49,20,5,1,99,100,4.03030303030303,0,1,0,349,0.8463175784102389,632257
312,2022-11-19,Saturday,518,avert,24749,2400,0.0969736150955594,0,7,26,35,22,9,1,99,100,4.0,0,0,2,622,1.063632046956621,767435
313,2022-11-20,Sunday,519,brave,24991,2396,0.0958745148253371,1,6,17,27,27,18,5,96,101,4.322916666666667,0,0,2,523,1.2032490015463226,5221356
314,2022-11-21,Monday,520,axiom,24288,2382,0.0980731225296442,0,5,19,33,27,13,3,97,100,4.247422680412371,0,1,3,450,1.074838063420896,1495473
315,2022-11-22,Tuesday,521,prime,27437,2534,0.0923570361191092,1,10,26,32,21,9,1,99,100,3.898989898989899,0,0,2,527,1.1502740077161018,38308402
316,2022-11-23,Wednesday,522,drive,26663,2451,0.0919251397067096,1,12,32,30,18,6,1,99,100,3.707070707070707,0,0,2,490,1.11239595134838,107799371
317,2022-11-24,Thursday,523,feast,27705,2725,0.0983576971665764,5,13,25,27,19,10,2,99,101,3.727272727272727,0,0,2,584,1.3243499020249794,4166016
318,2022-11-25,Friday,524,itchy,24197,2329,0.0962516014381948,0,8,28,40,18,5,1,99,100,3.8383838383838382,0,1,1,424,0.9817225708943687,1181967
319,2022-11-27,Sunday,526,happy,25206,2356,0.0934698087756883,0,6,28,39,19,6,1,98,99,3.9081632653061225,1,1,1,405,0.9802824946222426,63471922
320,2022-11-28,Monday,527,tepid,26051,2484,0.095351426048904,0,10,38,35,13,3,0,99,99,3.606060606060606,0,0,2,523,0.9408590725006074,220695
321,2022-11-29,Tuesday,528,undue,23739,2316,0.0975609756097561,0,3,19,35,29,13,2,99,101,4.303030303030303,1,0,3,444,1.0195517479551954,1377567
322,2022-12-01,Thursday,530,eject,22628,2200,0.0972246773908432,0,2,11,35,36,14,2,98,100,4.5,1,1,2,564,0.9394961741404219,935010
323,2022-12-02,Friday,531,chafe,24646,2343,0.0950661364927371,0,6,30,33,19,9,2,97,99,3.948453608247423,0,0,2,509,1.0587985217705376,118832
324,2022-12-03,Saturday,532,torso,23873,2260,0.094667616135383,0,4,35,36,17,6,1,98,99,3.857142857142857,1,0,2,606,0.9583148474999099,1769562
325,2022-12-04,Sunday,533,adore,25577,2398,0.0937561090041834,2,17,32,29,15,5,1,100,101,3.53,0,0,3,653,1.1441590798486023,1176240
326,2022-12-05,Monday,534,woken,23153,2200,0.0950200837904375,0,2,10,25,36,23,4,96,100,4.708333333333333,0,0,2,461,1.0095034532988099,364304
327,2022-12-06,Tuesday,535,amber,23509,2261,0.0961759326215491,0,6,22,33,24,12,3,97,100,4.144329896907217,0,0,2,552,1.0934640946183725,11065507
328,2022-12-07,Wednesday,536,joust,24899,2388,0.0959074661632997,0,6,29,34,21,8,2,98,100,3.959183673469388,0,1,2,411,1.0392144535897154,160309
329,2022-12-08,Thursday,537,infer,21199,1863,0.0878815038445209,0,3,19,33,26,14,3,95,98,4.3052631578947365,0,0,2,529,1.0470377684891121,1104540
330,2022-12-09,Friday,538,braid,23640,2165,0.0915820642978003,0,10,36,35,14,3,0,98,98,3.63265306122449,0,0,2,470,0.9517733727641648,981945
331,2022-12-10,Saturday,539,knock,21157,2041,0.0964692536749066,0,3,18,43,27,8,1,99,100,4.191919191919192,1,0,1,355,0.9285240561035474,5196013
332,2022-12-11,Sunday,540,naive,21947,2075,0.0945459516106985,1,7,24,32,24,11,1,99,100,4.05050505050505,0,0,3,547,1.1403856991841774,1848489
333,2022-12-12,Monday,541,apply,22873,2150,0.0939972893804922,0,5,28,38,22,7,1,100,101,3.98,1,1,1,448,0.9897474425326898,76341478
334,2022-12-13,Tuesday,542,spoke,24101,2224,0.0922783287000539,0,6,31,38,19,5,0,99,99,3.8585858585858586,0,0,2,493,0.9641042423426269,11577917
335,2022-12-14,Wednesday,543,usual,20824,2048,0.098348059930849,0,3,20,39,27,10,1,99,100,4.212121212121212,1,0,3,479,0.9772433634301273,17044981
336,2022-12-15,Thursday,544,rival,22176,2127,0.0959145021645021,0,7,27,35,22,8,1,99,100,3.9696969696969697,0,0,2,524,1.0488526242349563,4298220
337,2022-12-17,Saturday,546,chord,22336,2088,0.0934813753581661,0,7,39,38,13,3,0,100,100,3.66,0,0,1,453,0.8968834929911466,3123447
338,2022-12-18,Sunday,547,taper,22166,2108,0.0951006045294595,0,8,28,30,20,11,3,97,100,3.979381443298969,0,0,2,658,1.1304536215977568,1294069
339,2022-12-19,Monday,548,slate,26010,2422,0.093118031526336,6,14,33,27,13,5,1,98,99,3.4285714285714284,0,0,2,662,1.212183053462653,3813904
340,2022-12-20,Tuesday,549,third,24137,2261,0.0936736131250776,1,10,47,32,9,2,0,101,101,3.435643564356436,0,0,1,480,0.8946025345011104,95489240
341,2022-12-21,Wednesday,550,lunar,22180,2036,0.0917944093778178,0,5,32,40,17,4,0,98,98,3.826530612244898,0,0,2,546,0.9150165628486625,3611744
342,2022-12-22,Thursday,551,excel,20490,2034,0.0992679355783309,0,1,13,34,34,15,2,97,99,4.505154639175258,1,1,2,551,0.9429468104972473,14133468
343,2022-12-23,Friday,552,aorta,21937,2112,0.0962756985914208,0,7,26,35,20,10,3,98,101,4.0,1,0,3,704,1.07854777646725,641057
344,2022-12-24,Saturday,553,poise,20281,1911,0.09422612297224,2,11,34,32,15,6,1,100,101,3.65,0,0,3,558,1.107925990308017,339263
345,2022-12-25,Sunday,554,extra,15554,1562,0.1004243281471004,1,5,20,35,28,10,1,99,100,4.151515151515151,0,1,2,605,1.076504222323128,59377307
346,2022-12-26,Monday,555,judge,20011,2043,0.1020938483833891,0,2,8,16,26,33,14,85,99,4.941176470588236,0,1,2,352,1.0776110962404222,30905832
347,2022-12-27,Tuesday,556,condo,20879,2012,0.0963647684276066,0,2,17,35,29,14,3,97,100,4.371134020618556,1,0,2,469,0.9981383457698666,6444848
348,2022-12-28,Wednesday,557,impel,20160,1937,0.0960813492063492,0,3,21,40,25,9,1,98,99,4.163265306122449,0,0,2,507,0.9656749521894678,86447
349,2022-12-29,Thursday,558,havoc,20001,1919,0.095945202739863,0,2,16,38,30,12,2,98,100,4.346938775510204,0,0,2,451,0.9594007570239312,1692191
350,2022-12-30,Friday,559,molar,21204,1973,0.0930484814186002,0,4,21,38,26,9,1,98,99,4.153061224489796,0,0,2,584,0.9933661677298746,650262
351,2022-12-31,Saturday,560,manly,20380,1899,0.093179587831207,0,2,17,37,29,12,2,97,99,4.329896907216495,0,1,1,464,0.9709348188017405,1260481
